BTC,ETH,BNB,SOL,USDC,XRP,DOGE,ADA,SHIB,AVAX,TRX,DOT,LINK,BCH,NEAR,MATIC,UNI,LTC,PEPE,DAI,ICP,ETC,APT,RNDR,STX,HBAR,XMR,FIL,ATOM,INJ,XLM,IMX,ARB,FDUSD,WIF,GRT,TAO,SUI,OP,VET,AR,FLOKI,MKR
44179.55,2352.04,313.5,109.91,0.9999,0.6294,0.09199,0.6232,1.068e-05,41.94,0.10772,8.595,15.548,267.8,3.794,1.0157,7.6,74.72,1.41e-06,,12.936,22.5,9.9369,4.74,1.5913,0.0915,169.5,7.569,11.201,39.733,0.132,2.2811,1.7345,0.9999,,0.2175,,0.8438,3.99,0.03655,10.158,3.664e-05,1652.0
44946.91,2355.34,312.2,106.73,0.9997,0.6246,0.0911,0.605,1.056e-05,40.61,0.10834,8.411,15.166,257.1,3.923,0.9691,7.175,72.97,1.34e-06,,13.967,21.97,10.2556,4.655,1.545,0.097,167.4,7.174,10.963,37.062,0.1291,2.285,1.7701,0.9987,,0.2073,,0.9062,3.711,0.03499,9.917,3.549e-05,1830.0
42845.23,2209.72,315.8,98.52,0.9995,0.5823,0.08201,0.5569,9.57e-06,36.8,0.10675,7.626,14.148,234.0,3.771,0.8539,6.433,65.24,1.18e-06,,14.398,20.03,9.0578,4.423,1.5539,0.0883,154.1,6.288,9.922,34.169,0.1205,2.0971,1.9137,0.9992,,0.1894,,0.8437,3.475,0.03209,8.708,3.144e-05,1806.0
44151.1,2267.11,323.7,104.91,0.9991,0.5868,0.08401,0.5699,9.99e-06,38.72,0.10696,7.879,14.526,239.5,3.91,0.883,6.53,66.41,1.25e-06,,13.864,20.47,10.3176,4.375,1.7181,0.0879,164.8,6.495,10.268,38.389,0.1216,2.2021,2.004,1.0008,,0.1987,,0.8535,3.714,0.03274,9.166,3.241e-05,1776.0
44145.11,2268.78,317.5,99.94,0.9993,0.5757,0.08267,0.5414,9.81e-06,36.46,0.10438,7.45,14.091,239.3,3.552,0.8525,6.434,66.0,1.19e-06,,13.306,20.13,9.6409,4.012,1.6099,0.0847,155.8,6.153,10.328,38.508,0.1191,2.0538,1.952,1.0007,,0.1846,,0.8999,3.444,0.03114,9.0,3.176e-05,1741.0
43968.32,2240.78,307.5,93.77,0.9995,0.5679,0.08058,0.5227,9.61e-06,34.61,0.10387,7.133,13.436,236.1,3.479,0.8281,6.308,65.64,1.15e-06,,12.007,19.88,9.048,3.815,1.5713,0.0795,152.6,5.894,9.829,40.0,0.12,2.0019,1.7519,1.0006,,0.1719,,0.8316,3.225,0.02978,8.576,3.109e-05,1700.0
43929.02,2221.42,302.4,89.44,0.9994,0.5515,0.07824,0.4945,9.02e-06,33.64,0.1028,6.899,13.151,232.5,3.215,0.8011,6.004,64.27,1.12e-06,,11.276,19.27,8.4746,3.635,1.6657,0.0752,146.1,5.623,9.41,36.466,0.1152,1.9013,1.7218,0.9994,,0.1635,,0.8002,3.171,0.02867,8.058,2.918e-05,1752.0
46951.04,2330.44,303.7,97.88,0.9992,0.5776,0.0813,0.5412,9.58e-06,36.08,0.1042,7.483,14.139,253.9,3.416,0.8416,6.24,67.73,1.19e-06,,13.712,20.32,8.808,4.058,2.0241,0.0814,147.8,5.856,9.95,42.251,0.1195,2.0189,1.8213,0.9979,,0.1717,,0.8599,3.414,0.03114,8.657,3.051e-05,1818.0
46110.0,2344.29,301.1,99.36,0.9998,0.5669,0.07923,0.5124,9.67e-06,34.65,0.10277,7.129,13.716,244.8,3.222,0.8066,6.011,66.99,1.2e-06,,12.742,21.22,8.2828,3.86,1.8266,0.0775,144.4,5.491,9.666,39.803,0.1165,1.9058,1.8438,0.9984,,0.1604,,0.7983,3.641,0.03001,8.091,2.912e-05,1847.0
46653.99,2584.38,305.8,102.0,0.9997,0.6008,0.08307,0.566,9.98e-06,38.53,0.10524,7.991,15.072,254.7,3.603,0.8992,6.568,70.1,1.33e-06,,13.899,26.41,8.8857,4.234,1.8478,0.0834,149.0,5.942,10.385,41.02,0.1208,2.1394,2.2281,0.9985,,0.1778,,0.842,3.932,0.03268,9.219,3.155e-05,2038.0
46339.16,2618.01,308.2,99.9,1.0,0.6019,0.08456,0.582,1.015e-05,39.29,0.10619,8.148,15.022,276.1,3.612,0.9263,6.819,71.88,1.37e-06,,13.088,29.62,9.4469,4.069,1.7778,0.0842,152.7,6.459,10.655,38.55,0.1234,2.2013,2.2587,0.9983,,0.1872,,1.0927,3.966,0.03305,9.505,3.235e-05,2138.0
42782.73,2522.54,296.6,92.12,1.0004,0.5699,0.08007,0.5476,9.64e-06,35.93,0.10684,7.567,14.151,259.3,3.458,0.8635,6.579,72.97,1.24e-06,,12.232,29.01,9.0167,3.828,1.634,0.0801,152.0,5.973,9.965,36.756,0.119,2.175,2.2032,0.9983,,0.1747,,1.1685,3.913,0.03082,9.194,3.038e-05,2026.0
42847.99,2578.19,302.2,95.85,1.0002,0.5747,0.08092,0.5491,9.88e-06,36.49,0.11424,7.617,14.345,254.1,3.404,0.8818,6.632,71.98,1.25e-06,,12.918,28.59,10.004,3.892,1.6718,0.0811,155.8,6.029,10.208,38.854,0.1201,2.1318,2.1762,0.9986,,0.1709,,1.2895,3.805,0.03101,10.052,3.095e-05,2070.0
41732.35,2472.87,299.5,93.81,1.0007,0.5763,0.08003,0.5251,9.58e-06,35.29,0.11121,7.319,14.755,245.7,3.307,0.8374,6.319,69.78,1.19e-06,,12.598,26.49,9.6752,3.764,1.5809,0.0771,154.1,5.814,9.994,36.91,0.1181,1.9856,2.0302,0.9986,,0.1614,,1.2506,3.479,0.02936,10.112,3.004e-05,2034.0
42511.1,2511.78,317.5,94.36,1.0006,0.5757,0.08108,0.5276,9.54e-06,35.61,0.10865,7.509,15.185,250.2,3.306,0.8447,6.671,69.13,1.21e-06,,12.888,26.74,9.5099,3.765,1.5869,0.0777,157.2,5.925,10.183,41.029,0.1182,2.0203,2.11,1.0033,,0.1627,,1.3716,3.452,0.03023,9.947,3.076e-05,2018.0
43137.95,2587.4,315.2,97.61,1.0003,0.5757,0.08134,0.5356,9.67e-06,35.57,0.10807,7.493,15.271,251.2,3.24,0.845,6.825,69.44,1.24e-06,,12.685,27.29,9.4361,3.975,1.6333,0.0806,157.4,5.857,10.288,40.756,0.1185,2.086,2.1509,1.0018,,0.1693,,1.2704,3.602,0.0305,9.999,3.146e-05,2012.0
42776.1,2530.19,309.4,102.1,1.001,0.5685,0.08059,0.5282,9.53e-06,36.06,0.10838,7.35,15.761,244.2,3.308,0.8103,6.77,69.46,1.21e-06,,12.174,26.18,9.3359,4.196,1.5747,0.0789,157.8,5.79,10.153,39.166,0.1188,2.0477,2.0383,1.002,,0.1676,,1.2933,3.457,0.0301,9.751,3.072e-05,1996.0
41327.5,2470.81,313.0,94.4,1.001,0.552,0.07808,0.5026,9.21e-06,33.59,0.10813,7.017,14.658,237.7,3.083,0.7861,6.32,68.11,1.14e-06,,11.485,24.46,8.7189,4.322,1.4855,0.0753,153.2,5.616,9.7,35.986,0.1143,1.935,1.8918,1.0041,,0.1548,,1.1586,3.215,0.02853,9.632,2.926e-05,1988.0
41659.03,2492.0,314.7,93.62,1.0009,0.5443,0.07857,0.5044,9.31e-06,32.73,0.1105,6.894,16.118,236.8,3.01,0.7621,6.357,71.29,1.14e-06,,11.213,25.33,8.5855,4.127,1.4958,0.0755,158.4,5.48,9.71,36.15,0.1139,1.9374,1.8564,1.0037,,0.1535,,1.1659,3.204,0.02859,10.14,2.925e-05,1966.0
41696.04,2472.01,317.2,92.88,1.0007,0.5534,0.08777,0.516,9.68e-06,32.89,0.11006,6.913,15.781,239.1,2.967,0.7871,6.497,71.36,1.17e-06,,11.439,24.72,8.5718,4.004,1.4874,0.0764,156.7,5.513,9.845,35.43,0.1155,1.9192,1.8169,1.0025,,0.1603,,1.1024,3.196,0.02851,9.763,3.425e-05,1972.0
41580.33,2457.05,318.6,91.09,1.0006,0.5464,0.08546,0.5032,9.35e-06,32.54,0.10895,6.817,15.396,236.9,2.922,0.7835,6.377,71.75,1.13e-06,,11.107,24.51,8.4456,3.976,1.4556,0.0755,157.6,5.362,9.651,35.95,0.1156,1.9174,1.8162,1.0016,,0.1599,,1.0613,3.119,0.02797,9.443,3.114e-05,1991.0
39568.02,2314.2,305.9,83.84,1.0012,0.5275,0.08057,0.4786,8.93e-06,29.53,0.10931,6.341,14.598,235.7,2.649,0.7473,6.048,67.36,1.06e-06,,10.476,22.95,8.0498,3.752,1.3332,0.0713,150.7,5.046,9.18,33.88,0.1127,1.7803,1.6888,1.0015,,0.1489,,1.0739,2.981,0.02612,8.587,2.886e-05,1933.0
39897.6,2242.6,298.8,84.35,1.0008,0.5183,0.07821,0.4773,8.83e-06,30.63,0.10722,6.361,14.3,229.6,2.65,0.7255,5.842,65.5,1.04e-06,,10.484,23.13,8.74,3.749,1.3957,0.0706,150.5,4.893,9.23,32.97,0.1116,1.8639,1.6902,0.9998,,0.1475,,1.1859,2.821,0.02661,8.495,2.85e-05,1931.0
40084.88,2235.02,293.1,88.77,1.0005,0.5181,0.07904,0.4765,8.9e-06,31.2,0.10882,6.462,14.243,236.3,2.68,0.739,5.866,66.13,1.04e-06,,11.529,23.0,8.5743,3.861,1.4776,0.0722,152.6,5.01,9.344,33.05,0.1126,1.8608,1.7376,0.9985,,0.1532,,1.2926,2.857,0.02715,8.709,2.878e-05,2126.0
39961.09,2218.64,292.1,86.91,1.0005,0.5138,0.07795,0.4666,8.87e-06,30.51,0.11212,6.438,13.744,236.6,2.696,0.7324,5.75,65.5,1.03e-06,,11.141,23.26,8.3293,3.714,1.4549,0.0713,157.2,4.967,9.234,31.82,0.1118,1.8259,1.7322,0.9989,,0.1494,,1.1785,2.937,0.02707,8.569,2.831e-05,2094.0
41823.51,2267.68,302.2,92.28,1.0002,0.5323,0.07985,0.4849,9.04e-06,32.26,0.11448,6.672,14.187,241.8,2.917,0.759,5.949,67.05,1.08e-06,,12.157,23.9,8.7197,3.921,1.5082,0.0744,159.3,5.175,9.63,33.72,0.1159,1.9014,1.8171,0.9993,,0.1562,,1.4588,3.069,0.02799,8.947,2.902e-05,2075.0
42120.63,2267.94,305.6,94.28,1.0001,0.5303,0.08014,0.4862,9.13e-06,33.28,0.11244,6.669,14.345,243.7,2.912,0.7881,5.986,68.06,1.09e-06,,12.719,24.03,9.1195,4.083,1.5148,0.0744,160.4,5.331,9.671,35.06,0.1163,1.9391,1.7967,0.9995,,0.1599,,1.3946,3.068,0.02831,8.948,2.918e-05,2003.0
42031.06,2256.9,305.3,95.98,1.0001,0.5241,0.07882,0.4903,9e-06,34.82,0.11224,6.872,14.48,236.9,2.88,0.789,5.942,68.35,1.06e-06,,12.339,23.5,8.8666,3.971,1.4761,0.0733,160.7,5.199,9.429,36.4,0.1137,1.906,1.7987,0.9997,,0.157,,1.3331,3.029,0.02799,8.754,2.848e-05,1958.0
43302.7,2317.6,310.7,101.68,1.0,0.5352,0.08135,0.526,9.2e-06,36.06,0.11304,7.032,15.004,241.3,3.008,0.8131,6.145,68.43,1.07e-06,,12.551,24.72,9.2145,4.285,1.5393,0.0744,168.0,5.337,9.664,37.41,0.1164,2.0307,1.8546,1.0001,,0.1624,,1.5623,3.168,0.02905,8.934,2.915e-05,1974.0
42941.1,2343.01,307.6,101.4,1.0001,0.5107,0.07972,0.5136,9.05e-06,35.22,0.11206,6.836,15.475,237.4,3.011,0.7993,6.257,67.47,1.01e-06,,11.73,25.32,9.0678,4.603,1.5363,0.0729,160.3,5.158,9.408,35.42,0.1127,2.0066,1.885,0.9996,,0.1584,,1.5448,3.157,0.02858,8.772,2.856e-05,2024.0
42580.0,2283.14,300.5,96.96,1.0006,0.5033,0.07875,0.4976,8.94e-06,33.17,0.11226,6.654,15.429,234.3,2.823,0.7872,6.001,66.76,9.2e-07,,11.471,24.33,8.8503,4.323,1.5008,0.0696,163.7,4.959,9.108,33.87,0.11,1.9325,1.7635,0.9996,,0.1546,,1.5187,2.901,0.02823,8.427,2.756e-05,1961.0
43082.94,2304.28,300.2,97.81,1.0003,0.5058,0.07937,0.5078,9.03e-06,33.85,0.11564,6.791,17.19,236.6,2.855,0.8113,6.049,67.54,9.2e-07,,11.668,24.42,9.2326,4.593,1.4964,0.0703,166.3,4.974,9.136,33.84,0.1099,2.0419,1.7845,1.0,,0.1543,,1.5259,2.976,0.02847,8.418,2.817e-05,1995.0
43200.0,2309.06,301.4,100.58,1.0005,0.5105,0.07928,0.5146,9.08e-06,36.76,0.11629,6.947,17.828,236.3,2.9,0.7998,6.136,68.05,9.3e-07,,12.744,25.13,9.4106,4.59,1.5575,0.0692,169.0,5.046,9.167,34.61,0.1104,2.1788,1.7928,0.9994,,0.156,,1.4625,3.015,0.02934,8.527,2.803e-05,1982.0
43011.09,2296.49,299.7,97.96,1.0003,0.5186,0.07874,0.5124,9.11e-06,35.95,0.11724,6.825,17.658,241.0,2.815,0.7849,6.108,68.81,9.3e-07,,12.737,24.86,9.1565,4.722,1.5238,0.0693,165.5,5.065,9.048,33.06,0.111,2.121,1.7656,0.9997,,0.1563,,1.4377,2.961,0.02854,8.529,2.805e-05,2006.0
42582.88,2289.79,304.7,95.49,1.0004,0.5032,0.07831,0.4934,8.9e-06,34.87,0.11843,6.666,18.153,235.2,2.754,0.7735,5.981,66.94,8.8e-07,,12.739,24.99,8.8369,4.646,1.4685,0.0684,165.9,4.928,8.966,32.35,0.1092,2.1056,1.7315,1.0002,,0.1523,,1.4647,2.994,0.02767,8.434,2.735e-05,1994.0
42708.7,2301.83,301.2,95.66,1.0013,0.5069,0.07835,0.4944,8.91e-06,34.55,0.11898,6.737,19.164,235.8,2.751,0.7804,6.005,67.7,9e-07,,12.245,24.31,8.6662,4.406,1.4829,0.0695,165.4,4.998,9.058,31.98,0.1085,2.2998,1.7356,1.0,,0.1524,,1.576,3.097,0.02782,8.305,2.742e-05,1952.0
43098.95,2372.64,302.7,96.88,1.0003,0.505,0.07849,0.4983,8.86e-06,34.16,0.12101,6.807,18.287,235.2,2.736,0.8054,6.278,68.29,9e-07,,12.145,24.73,8.5957,4.265,1.5023,0.0752,105.4,5.07,9.13,31.2,0.1082,2.2095,1.8307,0.9999,,0.159,,1.5178,3.325,0.02799,7.871,2.795e-05,1951.0
44349.6,2425.1,307.3,101.14,1.0002,0.5138,0.08013,0.5022,9.06e-06,35.28,0.1236,6.941,18.817,240.6,2.87,0.8343,6.393,68.62,9.7e-07,,12.319,25.17,8.7898,4.471,1.6622,0.0758,129.6,5.186,9.597,32.94,0.1091,2.3227,1.8991,1.0001,,0.1608,,1.5411,3.363,0.02878,8.345,2.855e-05,1948.0
45288.65,2419.55,319.2,102.76,0.9999,0.5147,0.07987,0.5304,9.21e-06,35.42,0.12189,7.013,18.212,244.6,2.922,0.8337,6.316,70.53,9.5e-07,,12.187,25.62,8.7575,4.436,1.7857,0.0761,128.7,5.225,9.641,32.73,0.1098,2.2869,1.8628,1.0028,,0.1644,,1.5262,3.302,0.02886,8.368,2.879e-05,1939.0
47132.77,2486.56,324.0,106.94,0.9995,0.5262,0.08155,0.5407,9.39e-06,38.0,0.1237,7.196,18.47,250.3,2.995,0.8526,6.654,70.64,1.01e-06,,12.855,26.15,9.0891,4.706,1.8105,0.0794,121.5,5.473,10.02,34.85,0.112,2.466,1.9812,1.0042,,0.167,,1.7612,3.46,0.02977,8.76,3.123e-05,1968.0
47751.09,2500.24,323.0,109.01,0.9997,0.5239,0.08142,0.5515,9.41e-06,40.2,0.12436,7.2,19.084,247.8,3.043,0.8487,6.628,70.8,1.01e-06,,13.129,25.89,9.0769,4.657,1.8131,0.0788,119.3,5.354,9.971,34.95,0.1117,2.7763,1.9605,1.0045,,0.1706,,1.7315,3.366,0.02968,8.671,3.089e-05,2005.0
48299.99,2507.21,320.7,107.46,0.9996,0.5261,0.08123,0.5414,9.41e-06,39.72,0.12422,7.099,20.146,277.6,3.125,0.8355,6.683,71.55,1e-06,,12.976,25.88,9.0435,4.617,1.8502,0.0783,120.7,5.308,9.74,35.16,0.1113,2.744,1.9417,1.0044,,0.1673,,1.6945,3.535,0.03023,8.652,3.084e-05,2026.0
49917.27,2659.99,327.8,111.64,0.9997,0.5315,0.08223,0.5592,9.61e-06,40.97,0.125,7.34,20.465,280.5,3.381,0.8795,6.836,72.82,1.08e-06,,13.265,26.92,9.1615,4.802,1.9931,0.0796,126.3,5.45,9.911,36.75,0.1131,2.9541,2.076,1.0036,,0.175,,1.7619,3.816,0.03148,8.993,3.201e-05,2076.0
49699.59,2639.99,324.7,112.48,0.9995,0.5247,0.08105,0.5449,9.47e-06,39.74,0.12687,7.353,19.87,270.4,3.214,0.8538,6.68,68.97,1.08e-06,,12.925,26.21,9.204,4.9,2.1299,0.0814,127.8,5.488,10.293,34.64,0.111,2.9593,2.0472,1.0015,,0.1721,,1.8558,3.73,0.03264,9.522,3.213e-05,2056.0
51795.17,2774.81,333.9,116.97,0.9992,0.5378,0.0855,0.5768,9.75e-06,42.22,0.12956,7.649,20.24,280.7,3.334,0.8899,6.889,69.81,1.25e-06,,13.585,26.89,9.4412,5.006,2.5645,0.0824,128.1,5.59,10.244,35.42,0.1144,3.2813,2.111,1.0004,,0.1801,,1.9054,3.82,0.03582,9.867,3.349e-05,2089.0
51880.0,2822.59,354.2,113.5,0.999,0.5622,0.08528,0.6087,9.86e-06,41.55,0.13104,7.781,19.932,270.4,3.399,0.8896,7.506,69.76,1.25e-06,,13.501,26.78,10.1589,5.293,2.5327,0.0829,125.7,5.869,10.329,34.13,0.1167,3.1874,2.072,0.9998,,0.1842,,1.8629,3.858,0.04585,12.15,3.384e-05,2097.0
52124.11,2801.8,360.4,110.33,0.9993,0.5643,0.08591,0.5986,9.87e-06,40.26,0.13282,7.647,19.551,274.2,3.279,0.9512,7.44,70.59,1.17e-06,,13.125,26.77,9.8044,5.289,2.5893,0.0855,122.5,5.788,10.235,34.49,0.1155,3.1449,2.0104,1.0003,,0.194,,1.8072,3.641,0.04629,11.609,3.358e-05,2080.0
51642.64,2785.93,352.9,108.92,0.9997,0.5496,0.08356,0.6096,9.63e-06,39.76,0.1359,7.704,20.032,267.3,3.331,0.9281,7.766,69.97,1.19e-06,,13.176,26.04,9.6965,5.673,2.5346,0.0835,121.3,6.209,10.275,37.76,0.1141,3.1583,1.9693,1.0,,0.216,,1.7677,3.579,0.04539,12.583,3.331e-05,2129.0
52137.67,2881.2,349.8,112.24,0.9998,0.5571,0.08517,0.6193,9.74e-06,40.29,0.13518,7.86,20.119,270.6,3.521,0.9992,7.657,70.8,1.23e-06,,13.656,26.54,9.6915,5.869,2.6502,0.0898,121.9,6.28,10.594,38.88,0.1159,3.3472,2.0396,0.9994,,0.2386,,1.7997,3.793,0.04553,11.963,3.393e-05,2173.0
51774.73,2944.8,351.6,111.53,0.9998,0.5626,0.08942,0.6308,9.9e-06,39.51,0.13636,8.029,19.832,273.1,3.529,0.9969,7.698,71.3,1.23e-06,,14.605,27.4,10.1231,6.315,2.6375,0.112,112.5,7.397,10.729,37.59,0.1184,3.2726,2.0541,0.9979,,0.2451,,1.7735,3.96,0.04476,14.891,3.53e-05,2156.0
52258.82,3014.81,354.6,108.31,0.9999,0.5622,0.08615,0.6216,9.76e-06,38.49,0.13921,7.731,19.281,265.2,3.395,1.0226,7.559,69.65,1.2e-06,,13.73,27.07,9.6378,6.47,2.7049,0.1073,118.7,7.708,10.369,36.43,0.1176,3.5369,2.0098,0.9981,,0.2497,,1.7169,4.066,0.04422,14.39,3.442e-05,2130.0
51849.39,2967.9,379.2,105.03,1.0,0.5491,0.08457,0.5988,9.56e-06,37.61,0.13971,7.466,18.594,263.1,3.241,0.9511,7.391,68.9,1.15e-06,,13.182,26.07,9.2372,6.921,2.6603,0.1046,,7.241,9.983,35.08,0.1144,3.3541,1.8767,1.0041,,0.2816,,1.6922,3.763,0.0434,13.616,3.32e-05,2050.0
51288.42,2971.4,382.6,101.76,1.0007,0.541,0.0841,0.5858,9.53e-06,36.78,0.13901,7.48,18.121,260.4,3.25,0.9926,7.36,68.8,1.21e-06,,12.737,25.81,9.2262,7.392,2.5439,0.1162,,8.068,9.786,34.15,0.1154,3.2388,1.808,1.002,,0.27,,1.7187,3.64,0.04485,13.56,3.362e-05,2024.0
50744.15,2922.24,375.5,99.9,1.0001,0.5342,0.08451,0.5824,9.52e-06,35.92,0.13817,7.563,17.935,264.7,3.364,0.9867,11.4,68.8,1.19e-06,,12.363,25.42,9.1204,7.362,2.4436,0.1093,,8.01,9.957,32.93,0.1147,3.0468,1.7987,1.0018,,0.2652,,1.6034,3.508,0.04356,13.023,3.424e-05,1986.0
51568.22,2992.62,381.7,104.01,1.0001,0.545,0.08615,0.5969,9.65e-06,36.76,0.13742,7.819,18.533,267.7,3.864,0.9939,11.259,70.41,1.32e-06,,12.519,26.09,9.4712,7.226,2.5854,0.1101,,8.091,10.418,34.65,0.1165,3.08,1.8446,1.0017,,0.2705,,1.636,3.669,0.04444,13.678,3.543e-05,2043.0
51728.85,3112.59,388.5,103.47,1.0001,0.5425,0.08612,0.5914,9.67e-06,37.46,0.13765,7.923,18.722,267.9,3.704,0.9987,11.138,70.16,1.37e-06,,12.485,27.19,9.6543,7.215,2.5914,0.1093,,8.117,10.375,35.82,0.1166,3.2065,1.9046,1.0003,,0.2892,,1.6455,3.881,0.04502,15.695,3.672e-05,2050.0
54476.47,3175.94,401.6,109.9,0.9992,0.5506,0.08923,0.6191,1.006e-05,39.29,0.13983,8.109,19.083,274.7,4.097,1.059,10.612,71.93,1.81e-06,,12.937,27.77,10.1457,7.589,2.9093,0.1115,,8.142,11.138,36.66,0.118,3.3085,1.9283,0.9993,,0.2941,,1.6705,3.824,0.05065,16.29,4.329e-05,2102.0
57037.34,3242.36,394.6,108.36,0.9996,0.5861,0.09758,0.6239,1.089e-05,39.26,0.14288,8.371,19.023,292.8,3.941,1.0284,10.832,73.97,2.67e-06,,13.017,28.13,9.9448,7.181,2.9533,0.1081,,7.667,11.21,39.96,0.1229,3.3461,1.8958,0.9988,,0.2797,,1.6148,3.705,0.04886,19.117,5.092e-05,2158.0
62432.1,3383.1,414.6,119.03,0.9988,0.575,0.11585,0.6287,1.171e-05,40.33,0.14214,8.342,19.43,296.4,3.897,1.009,10.927,74.48,3.18e-06,,12.638,29.57,12.3656,8.002,3.0802,0.1133,,7.715,11.397,43.23,0.121,3.3373,1.8999,0.998,,0.287,,1.5834,3.767,0.04861,28.804,5.631e-05,2174.0
61130.98,3340.09,399.4,125.68,0.9994,0.5867,0.11732,0.6547,1.256e-05,40.97,0.14049,8.261,19.274,297.6,3.877,1.0014,11.124,79.92,2.74e-06,,12.598,28.87,11.7124,7.528,2.8963,0.1145,,8.145,11.282,40.9,0.122,3.1958,1.9445,0.9969,,0.2814,,1.6769,3.7,0.04776,26.708,5.375e-05,2092.0
62387.9,3433.43,407.4,129.43,0.9992,0.6013,0.13934,0.7195,1.687e-05,42.67,0.14148,8.661,20.051,316.3,3.957,1.0249,11.565,84.87,3.99e-06,,12.953,30.33,11.8504,7.842,2.9688,0.1167,,8.2,11.641,45.11,0.1271,3.2066,1.988,0.998,,0.3217,,1.6903,3.757,0.04877,26.822,8.76e-05,2105.0
61987.28,3421.4,410.9,130.02,0.9992,0.6442,0.14196,0.7416,2.259e-05,44.35,0.1412,9.463,21.398,501.1,4.484,1.0946,12.609,94.49,4.38e-06,,13.292,34.31,12.1373,7.651,2.9722,0.1154,,9.303,12.199,42.74,0.1383,3.2345,2.0248,0.9973,,0.3182,,1.621,3.988,0.05134,26.932,0.00013335,2140.0
63113.97,3487.81,414.5,130.16,0.9995,0.6271,0.15347,0.7279,2.252e-05,42.58,0.14065,9.781,20.507,470.5,4.432,1.0893,12.638,90.7,5.93e-06,,13.181,33.6,11.5984,7.558,3.0466,0.1129,,10.508,12.152,40.69,0.1357,3.3193,2.0439,0.9988,,0.3199,,1.559,3.988,0.04909,30.254,0.00014625,2093.0
68245.71,3627.76,418.4,133.27,0.9987,0.6477,0.18196,0.7701,3.591e-05,43.08,0.14026,9.862,20.416,473.5,4.34,1.1445,12.358,88.95,7.01e-06,,13.373,35.96,12.0856,7.375,3.029,0.1172,,10.017,12.48,40.6,0.1459,3.133,1.9823,0.9979,,0.3077,,1.4868,3.909,0.0495,28.573,0.00014438,2093.0
63724.01,3553.65,394.1,125.31,0.9987,0.5912,0.15304,0.6923,3.514e-05,39.43,0.13585,9.32,18.973,401.0,4.245,1.0333,13.184,81.93,6.31e-06,,14.066,34.18,13.6598,6.896,2.7324,0.1114,,8.88,12.0,37.72,0.1322,2.9029,1.9659,0.9964,1.547,0.2779,,1.3962,4.514,0.0443,30.838,0.00011573,1995.0
66074.04,3818.59,429.4,130.79,0.9992,0.6121,0.15784,0.7349,3.327e-05,41.56,0.13775,10.544,20.085,415.8,5.895,1.1182,15.406,85.87,7.2e-06,,15.345,37.3,13.6846,9.304,2.8403,0.1258,,10.053,14.222,38.86,0.1385,3.1464,2.0538,1.0013,1.845,0.3247,,1.4749,4.545,0.04695,35.829,0.00013059,2083.0
66823.17,3868.76,474.6,143.82,0.9984,0.627,0.15764,0.7427,3.15e-05,43.2,0.13709,10.402,20.091,432.1,5.521,1.1605,14.875,88.0,6.81e-06,,14.911,37.9,13.2399,9.973,2.9051,0.1337,,9.922,13.893,42.85,0.142,3.3403,2.1645,1.0023,1.7082,0.3455,,1.5799,4.661,0.04835,37.431,0.0001395,2102.0
68124.19,3883.36,485.8,144.79,0.9977,0.62,0.16457,0.7228,3.518e-05,42.61,0.13662,10.637,19.699,436.5,5.745,1.1254,14.582,88.32,9.01e-06,,14.648,38.06,13.2203,10.45,2.8314,0.1305,,11.452,13.408,41.43,0.1416,3.3736,2.1336,1.0001,2.1575,0.3397,,1.5439,4.484,0.04733,42.705,0.00023206,2090.0
68313.27,3905.21,488.3,144.29,0.9978,0.6197,0.17875,0.7416,3.495e-05,42.92,0.13579,10.493,19.972,432.2,6.193,1.1566,14.184,90.67,8.76e-06,,14.762,37.24,13.148,12.401,2.8067,0.1306,,11.06,13.347,40.87,0.1422,3.5284,2.0962,1.0017,2.168,0.4522,,1.5838,4.697,0.04934,43.485,0.00023845,2416.0
68955.88,3878.47,528.9,144.39,0.999,0.608,0.16997,0.7166,3.286e-05,42.05,0.13377,10.261,21.68,423.4,5.947,1.2283,14.233,87.43,8.54e-06,,14.136,36.14,12.7445,11.37,2.9558,0.1259,,10.685,13.171,40.11,0.1398,3.4147,2.068,0.9999,2.1353,0.4368,,1.5553,4.537,0.04794,41.247,0.00027246,2817.0
72078.1,4064.8,523.0,148.83,0.9997,0.723,0.182,0.7754,3.386e-05,49.09,0.13372,11.043,21.277,448.4,6.679,1.2403,14.437,103.86,9.04e-06,,15.035,37.98,13.4636,11.478,3.0679,0.1327,,11.18,13.705,42.59,0.1576,3.6449,2.083,0.9982,2.1086,0.4345,,1.5717,4.583,0.0504,39.589,0.00029796,2607.0
71452.01,3979.96,537.5,151.05,0.9998,0.688,0.16816,0.7481,3.22e-05,55.48,0.13142,10.736,20.704,435.0,8.078,1.1818,14.063,97.52,8.28e-06,,14.723,36.87,13.3756,11.399,3.0382,0.1331,,10.906,13.41,51.85,0.1493,3.6096,2.0173,0.9993,2.1639,0.4457,,1.5993,4.361,0.04873,37.89,0.00026973,2632.0
73072.41,4004.79,630.5,163.9,0.9994,0.6891,0.16897,0.7638,3.202e-05,54.79,0.13194,11.374,20.751,442.5,7.761,1.2704,14.227,97.24,9.03e-06,,14.503,36.52,13.1493,11.34,3.0874,0.1325,,10.625,14.114,48.35,0.1508,3.4672,2.1152,1.0027,2.645,0.4409,,1.6212,4.416,0.04912,37.71,0.00026855,2893.0
71388.94,3881.7,603.2,176.65,1.0002,0.669,0.17719,0.7509,3.221e-05,53.95,0.12913,11.558,20.88,440.5,8.861,1.2221,13.947,94.08,9.96e-06,,13.927,35.08,14.297,11.838,2.9277,0.1271,,10.504,13.68,47.9,0.1445,3.3195,2.0155,1.0005,3.1568,0.4372,,1.5672,4.204,0.0473,38.677,0.00027777,2899.0
69499.85,3742.19,632.7,183.95,0.9999,0.6342,0.16357,0.7274,2.99e-05,58.36,0.12633,10.81,19.63,416.7,7.487,1.1414,13.066,89.75,8.92e-06,,12.885,33.3,15.1265,11.074,2.7916,0.1206,,9.775,12.634,44.48,0.1369,3.0689,1.8879,1.0008,2.8142,0.412,,1.4927,3.819,0.04462,35.267,0.00026672,2826.0
65300.63,3523.09,576.4,182.05,1.0007,0.6031,0.14253,0.6591,2.54e-05,53.44,0.12527,9.682,18.115,388.6,6.727,1.0424,12.029,84.12,7.43e-06,,12.234,30.69,13.3133,10.288,2.6027,0.1108,,8.836,11.931,40.72,0.1292,2.8545,1.7566,0.9984,2.2289,0.3679,,1.6342,3.554,0.04046,32.4,0.00021405,2850.0
68393.48,3644.71,571.7,201.86,1.0007,0.6191,0.15428,0.6814,2.955e-05,58.45,0.12624,10.083,18.666,402.6,8.244,1.0886,12.422,85.93,7.84e-06,,12.579,31.95,14.026,13.144,2.774,0.1163,,9.175,12.276,42.85,0.1322,2.9641,1.7363,0.997,3.0393,0.4224,,1.6185,3.583,0.04209,37.606,0.00022328,3280.0
67609.99,3520.46,555.4,195.92,1.0001,0.6453,0.14353,0.6603,2.684e-05,60.65,0.12408,9.902,18.301,401.0,7.026,1.0304,11.877,86.77,6.82e-06,,12.373,31.43,14.4255,11.759,2.6575,0.1119,,8.871,11.723,38.43,0.1348,2.8391,1.6232,0.9975,2.5519,0.3905,,1.5236,3.302,0.04073,32.973,0.0001928,3045.0
61937.4,3158.64,507.7,169.82,1.0005,0.5845,0.12881,0.5864,2.489e-05,53.63,0.11244,8.766,16.805,358.8,6.354,0.9319,10.614,78.45,6.6e-06,,10.917,27.72,15.4392,10.683,2.6924,0.1014,,7.998,10.892,35.9,0.1207,2.5808,1.6247,0.9974,2.3178,0.3733,,1.6464,3.442,0.03797,31.138,0.00017703,2777.0
67840.51,3516.53,556.8,191.77,0.9999,0.6107,0.15209,0.6396,2.775e-05,57.06,0.12071,9.483,18.412,410.0,6.912,1.0081,11.913,84.65,8.39e-06,,11.923,30.59,15.5934,11.7,3.4184,0.1114,,8.637,11.755,39.14,0.1307,2.9054,1.7458,0.9996,2.6042,0.4044,,1.7537,3.55,0.04242,35.18,0.00023268,3043.0
65501.27,3492.85,553.8,179.46,1.0004,0.6404,0.15537,0.6318,2.72e-05,53.82,0.12115,9.179,18.458,414.4,6.449,0.9956,12.183,85.75,7.9e-06,,12.738,30.3,15.0316,10.757,3.2845,0.11,,9.022,11.635,37.13,0.1333,2.8546,1.6843,0.9994,2.2855,0.3808,,1.8264,3.427,0.04157,35.431,0.00021402,3377.0
63796.64,3336.35,553.8,175.21,0.9998,0.6115,0.15292,0.6147,2.654e-05,53.44,0.11737,8.936,18.367,431.4,6.491,0.9732,11.759,83.4,7.42e-06,,13.352,29.34,16.2534,10.696,3.4484,0.1067,,8.724,11.416,35.28,0.1283,2.7357,1.6041,0.9987,2.2315,0.3665,,1.7313,3.426,0.0404,34.768,0.00022642,3130.0
63990.01,3329.53,551.9,172.65,0.9998,0.6167,0.1619,0.6232,2.712e-05,53.45,0.11823,8.968,18.063,455.9,6.617,0.9792,11.614,85.26,7.31e-06,,13.479,30.26,16.1433,10.664,3.6122,0.1065,,8.629,11.339,35.02,0.1327,2.938,1.5952,0.9991,2.2779,0.3647,,1.6445,3.428,0.04108,36.116,0.00022838,3050.0
67209.99,3454.98,567.7,183.88,1.0001,0.6325,0.17651,0.6468,2.807e-05,55.68,0.12014,9.37,18.518,485.1,7.001,1.0116,12.039,89.65,7.82e-06,,15.129,31.56,16.34,10.927,3.6623,0.1099,,8.913,11.611,36.52,0.135,2.9721,1.6707,0.9996,2.8202,0.3882,,1.6783,3.706,0.04255,37.621,0.00023992,3153.0
69880.01,3590.42,587.0,188.99,0.9997,0.6406,0.17526,0.6567,2.87e-05,57.76,0.12043,9.735,19.375,487.4,7.45,1.0456,12.429,90.58,8.09e-06,,17.655,32.45,17.3341,11.041,3.6217,0.1171,,9.374,12.182,37.86,0.1366,3.0889,1.7231,0.9995,2.684,0.4029,,1.7036,3.858,0.0447,42.53,0.00024076,3299.0
69988.0,3587.33,580.4,190.46,1.0001,0.6317,0.1823,0.665,3.064e-05,55.78,0.12079,9.689,20.007,479.3,7.663,1.046,12.692,95.77,8.04e-06,,19.019,32.13,18.0702,11.111,3.4623,0.1203,,9.441,12.215,39.03,0.1381,3.0055,1.7008,0.9991,3.2483,0.3983,,1.8858,3.914,0.045,41.137,0.00024107,3213.0
69469.99,3501.19,574.3,186.33,1.0006,0.6118,0.19047,0.6478,3.018e-05,54.1,0.11933,9.445,19.289,539.1,7.255,1.0087,12.246,93.55,7.63e-06,,18.392,31.77,17.6881,11.227,3.3691,0.1138,,9.124,12.629,37.92,0.1337,2.9467,1.6548,0.9985,3.0512,0.4007,,2.0754,3.671,0.04429,42.699,0.00022511,3296.0
70780.6,3560.49,583.4,189.63,0.9999,0.6244,0.22001,0.6511,3.202e-05,54.63,0.12044,9.522,19.148,567.4,7.191,1.0021,12.749,94.11,8.03e-06,,18.035,32.52,17.379,11.174,3.4386,0.1162,,9.301,12.295,38.46,0.1379,2.9366,1.6668,0.9988,3.7521,0.4123,,2.0219,3.725,0.04672,41.485,0.00025199,3634.0
69850.54,3509.74,612.5,192.01,0.9994,0.6301,0.213,0.6643,3.079e-05,53.33,0.11989,9.601,18.967,620.6,6.974,0.9907,12.642,109.06,7.74e-06,,17.203,34.16,17.2093,10.951,3.6594,0.116,,9.644,12.518,36.67,0.1428,3.104,1.6437,1.004,3.9197,0.3931,,1.903,3.617,0.04704,39.073,0.0002402,3664.0
69582.18,3505.64,600.7,194.2,0.9996,0.6212,0.19912,0.6436,2.982e-05,52.93,0.12256,9.429,18.933,597.6,6.938,0.9795,12.607,102.84,8.13e-06,,17.882,32.89,16.608,10.672,3.6365,0.1135,,9.437,12.257,35.8,0.1391,3.08,1.6413,1.0062,4.2673,0.3887,,1.8805,3.656,0.04488,37.758,0.00024322,3747.0
71280.01,3645.29,606.7,202.45,1.0,0.6292,0.22,0.6501,3.074e-05,54.06,0.12296,9.647,19.171,678.7,7.294,1.0033,12.947,105.01,8.8e-06,,18.776,34.28,17.0751,10.654,3.6541,0.1157,,9.96,12.293,36.78,0.1411,3.0442,1.6616,1.0022,4.5773,0.3926,,1.9137,3.689,0.04611,38.755,0.00024812,3924.0
69649.8,3503.8,575.8,192.24,0.9996,0.611,0.20503,0.6212,2.864e-05,51.38,0.12051,9.143,18.358,647.6,6.733,0.9508,12.416,99.2,7.92e-06,,18.032,32.68,16.687,10.076,3.6171,0.1099,,9.378,11.63,34.21,0.1355,2.8926,1.5679,0.9971,4.221,0.3743,,1.9398,3.496,0.04432,35.993,0.0002333,3742.0
65463.99,3278.96,551.4,181.53,0.9998,0.5854,0.18248,0.5807,2.641e-05,46.86,0.11662,8.582,17.952,639.0,6.216,0.9003,11.302,106.75,7.25e-06,,17.906,29.98,14.7011,9.443,3.2902,0.1036,,8.575,10.967,32.55,0.1286,2.6597,1.4483,0.9984,3.8471,0.3336,,1.733,3.156,0.04101,33.973,0.00020936,3752.0
65963.28,3310.83,561.5,185.05,0.9996,0.5742,0.17522,0.5693,2.633e-05,45.89,0.11712,8.416,17.687,592.8,6.596,0.895,10.868,98.33,6.8e-06,,17.833,30.64,14.1455,9.356,3.1326,0.1025,,8.422,10.825,32.9,0.1263,2.6989,1.4793,0.9996,3.6262,0.329,,1.6681,3.052,0.04081,33.357,0.00019861,3793.0
68487.79,3327.4,585.5,184.0,0.9997,0.5935,0.17998,0.5831,2.77e-05,46.5,0.11915,8.486,17.791,665.4,6.727,0.9055,10.976,98.38,6.92e-06,,17.851,32.84,14.1534,9.607,3.2708,0.1052,,8.633,11.012,32.78,0.1289,2.7998,1.4593,1.007,3.545,0.3381,,1.6839,3.105,0.04178,33.473,0.00020055,3954.0
67820.62,3317.85,577.8,174.37,0.9996,0.5871,0.1772,0.5741,2.679e-05,45.3,0.1179,8.379,17.325,657.3,7.222,0.8839,10.926,97.82,6.57e-06,,16.854,33.1,13.1468,9.227,3.0906,0.1046,,8.393,10.893,34.24,0.1275,2.657,1.4333,1.0034,3.2189,0.3311,,1.6075,2.873,0.04034,31.745,0.00018805,3687.0
68896.0,3351.59,585.4,178.68,0.9998,0.593,0.18577,0.5836,2.743e-05,48.19,0.11959,8.494,17.559,693.9,7.022,0.8973,11.241,101.6,6.76e-06,,17.032,33.47,13.216,9.541,3.2051,0.1059,,8.578,11.099,34.81,0.1291,2.7039,1.4871,1.0023,3.5678,0.3375,,1.6248,2.993,0.04152,33.635,0.00019529,3706.0
69360.39,3454.2,583.9,179.52,1.0001,0.5944,0.19887,0.5892,2.818e-05,49.32,0.12056,8.704,17.913,684.8,6.916,0.9114,11.401,101.21,7.44e-06,,17.134,33.88,13.6318,9.764,3.3041,0.1058,,8.833,11.081,35.23,0.1293,2.7114,1.5287,0.9996,3.759,0.337,,1.6421,3.196,0.04253,33.864,0.00020546,3632.0
71620.0,3694.61,586.4,180.68,1.0,0.6147,0.2026,0.6137,2.874e-05,49.86,0.12303,9.043,18.101,681.4,7.358,0.9473,11.624,103.27,7.76e-06,,17.792,35.65,14.2581,10.31,3.4629,0.1095,,9.31,11.305,35.63,0.1334,2.8402,1.5694,0.9976,4.2025,0.3521,,1.7099,3.365,0.04681,35.198,0.00021527,3734.0
69146.0,3506.39,580.5,172.42,1.0005,0.6141,0.18912,0.5912,2.748e-05,46.47,0.12109,8.659,17.362,671.8,7.227,0.8974,11.212,97.53,7.04e-06,,16.064,32.77,12.7333,9.415,3.1787,0.1035,,8.657,10.837,33.12,0.1322,2.6408,1.4841,0.9992,3.5857,0.3329,,1.5748,3.044,0.04355,31.895,0.00019861,3393.0
70631.08,3545.64,609.7,173.31,1.0,0.6172,0.19971,0.5862,2.805e-05,47.3,0.1191,8.408,17.417,629.2,6.983,0.8873,10.047,96.71,7.14e-06,,15.965,33.51,12.2186,9.228,3.0937,0.1023,,8.492,10.814,33.26,0.1297,2.6184,1.4662,1.0003,3.6212,0.3284,,1.5216,3.036,0.04647,31.162,0.00019754,3342.0
70006.23,3502.52,604.6,172.37,0.9999,0.6086,0.1938,0.5858,2.751e-05,46.01,0.1203,8.384,17.555,614.2,6.795,0.878,9.139,98.78,7.31e-06,,15.507,33.74,11.8525,9.028,2.9904,0.0998,,8.052,10.758,31.95,0.1302,2.564,1.4183,1.0003,3.4556,0.3105,623.4,1.4904,2.939,0.0481,31.012,0.00019168,3357.0
67116.52,3237.43,595.6,153.16,0.9996,0.5468,0.17403,0.5027,2.475e-05,39.34,0.1148,7.24,15.156,533.2,5.788,0.7654,7.922,86.08,5.92e-06,,13.921,29.47,9.77,8.185,2.6292,0.0877,,6.608,9.371,26.73,0.1151,2.2092,1.1737,1.0026,2.6583,0.2685,537.5,1.2394,2.448,0.043,24.578,0.00015821,2937.0
63924.51,3007.01,553.1,138.47,0.9987,0.4788,0.15254,0.4449,2.11e-05,33.89,0.11006,6.388,13.288,479.6,5.215,0.653,6.91,77.33,5.04e-06,,12.348,25.48,8.7733,7.48,2.5219,0.0785,,5.723,8.07,23.27,0.1053,2.0538,1.0314,1.0002,2.3273,0.2346,509.2,1.0611,2.117,0.0401,26.002,0.00013366,2795.0
65661.84,3155.11,566.4,151.25,0.9989,0.5033,0.16212,0.4673,2.271e-05,37.27,0.11243,6.855,14.098,525.7,5.721,0.7105,7.523,79.72,5.44e-06,,12.881,27.0,9.5825,8.975,2.7418,0.0836,,6.153,8.336,26.03,0.1106,2.1721,1.1795,1.0001,3.0617,0.2593,586.5,1.1985,2.33,0.04303,28.55,0.00015047,3033.0
63419.99,3101.99,552.7,138.51,0.9996,0.4977,0.16123,0.461,2.192e-05,35.16,0.11146,6.708,13.58,508.3,5.221,0.7078,7.247,78.1,5.09e-06,,12.361,26.44,9.131,8.28,2.5352,0.0796,,6.003,8.136,24.45,0.1077,1.9538,1.1526,0.9988,2.7486,0.2532,524.9,1.1716,2.267,0.04136,25.766,0.00014297,3072.0
63793.39,3084.22,537.6,136.22,0.9996,0.4965,0.156,0.4583,2.268e-05,34.76,0.1118,6.702,13.46,486.9,5.493,0.703,7.189,79.94,5.4e-06,,12.242,26.18,9.2526,8.278,2.4139,0.0798,,6.076,8.166,25.02,0.1096,1.9007,1.154,0.9988,2.679,0.2583,500.8,1.2239,2.243,0.03985,24.573,0.00014192,3259.0
61277.37,2985.41,534.1,131.84,1.0,0.4951,0.14756,0.444,2.205e-05,33.58,0.10971,6.583,13.133,463.9,5.407,0.6677,6.889,80.19,4.92e-06,,11.854,25.4,9.142,7.657,2.2611,0.0781,,5.845,8.041,26.02,0.1075,1.8782,1.1059,0.9995,2.4214,0.2418,455.0,1.2598,2.165,0.03798,24.446,0.00013337,3146.0
63470.08,3064.4,552.1,142.07,0.9995,0.5025,0.15221,0.458,2.278e-05,34.85,0.10925,6.784,13.887,483.0,5.705,0.6757,7.296,80.75,5.09e-06,,12.769,26.13,9.4958,7.893,2.4471,0.0822,,5.995,8.198,27.63,0.1104,2.0134,1.1383,0.9993,2.5667,0.2555,466.2,1.2552,2.225,0.03966,25.092,0.00013831,3000.0
63818.01,3056.46,554.0,142.5,0.9995,0.503,0.15633,0.4682,2.287e-05,34.67,0.10989,6.682,13.946,476.8,5.586,0.6728,7.491,80.87,5.13e-06,,14.073,26.05,9.4143,7.906,2.4535,0.0803,,6.145,8.15,28.17,0.1117,2.0355,1.1196,0.9993,2.9205,0.2571,442.0,1.3334,2.232,0.0405,27.52,0.000139,2950.0
64940.59,3155.79,570.9,151.22,0.9996,0.5288,0.1626,0.5072,2.617e-05,38.31,0.11105,7.241,14.959,515.4,6.218,0.7382,7.873,85.04,5.8e-06,,15.532,27.89,10.2413,8.982,2.7181,0.0868,,6.649,8.678,29.71,0.116,2.2065,1.2158,0.9994,3.0246,0.2912,485.1,1.4272,2.505,0.04239,32.499,0.00016607,3120.0
64941.15,3147.67,579.6,148.8,0.9998,0.5246,0.15825,0.4993,2.627e-05,37.15,0.11132,7.14,15.105,502.2,6.446,0.7135,7.731,84.16,5.95e-06,,15.093,27.46,10.0071,9.091,2.7912,0.0889,,6.48,8.756,28.27,0.1139,2.1781,1.1894,0.9997,2.9283,0.2815,474.8,1.3706,2.445,0.04124,32.775,0.00017056,3003.0
66819.32,3200.2,604.5,156.95,0.9996,0.556,0.1612,0.5167,2.689e-05,39.19,0.11223,7.466,15.445,522.7,7.028,0.7422,8.2,85.39,6.88e-06,,15.073,28.33,10.18,9.274,3.019,0.0904,,6.571,8.916,28.63,0.1182,2.3827,1.2092,1.0008,2.9077,0.3017,520.9,1.3925,2.549,0.04259,35.277,0.00017634,2899.0
66414.0,3219.46,606.2,154.75,0.9999,0.5445,0.15979,0.5,2.682e-05,38.3,0.11322,7.242,15.178,505.0,6.893,0.7291,7.948,85.02,7.68e-06,,14.462,28.12,9.78,8.98,2.8896,0.1563,,6.388,8.7,28.02,0.1174,2.3566,1.179,1.0022,3.0147,0.2931,500.1,1.3263,2.491,0.04157,33.45,0.0001935,2926.0
64289.59,3140.8,608.8,147.78,1.0006,0.5275,0.15139,0.4746,2.57e-05,36.37,0.11329,6.931,14.536,479.4,6.86,0.7052,7.72,83.25,7.24e-06,,13.705,26.37,9.15,8.483,2.7067,0.1248,,6.05,8.404,26.46,0.1144,2.2256,1.1162,1.0006,3.101,0.27,452.6,1.2506,2.422,0.03977,32.974,0.00018505,2874.0
64498.34,3155.8,613.2,144.84,1.0003,0.5254,0.15127,0.4705,2.571e-05,35.59,0.11722,6.862,14.593,478.1,7.131,0.7203,7.93,83.78,7.78e-06,,13.776,26.45,9.03,8.618,2.6643,0.1196,,5.993,8.321,26.51,0.1138,2.1028,1.0898,1.0007,3.1481,0.2662,460.8,1.2242,2.418,0.03978,35.863,0.00018608,2856.0
63770.01,3131.3,598.0,139.23,1.0003,0.5261,0.148,0.4631,2.522e-05,34.42,0.12014,6.764,14.49,482.4,6.93,0.7032,7.703,88.1,7.37e-06,,13.063,27.11,8.85,8.135,2.5804,0.111,,6.006,8.301,25.56,0.114,2.0422,1.0651,1.0006,2.8469,0.259,427.0,1.1737,2.333,0.03928,30.937,0.0001828,2869.0
63461.98,3255.56,596.2,141.31,1.0007,0.5179,0.14776,0.4675,2.478e-05,34.47,0.11975,6.807,14.267,477.1,7.14,0.7329,7.973,83.88,7.21e-06,,13.311,27.85,9.01,8.071,2.5497,0.1065,,5.923,8.397,25.94,0.1144,2.135,1.1255,1.0,2.7666,0.2645,421.9,1.2111,2.626,0.03929,33.527,0.00017308,2993.0
63118.62,3263.45,600.2,137.99,1.0003,0.5103,0.1467,0.4603,2.423e-05,33.95,0.12124,6.728,13.809,470.5,7.047,0.7213,7.825,83.99,7.23e-06,,13.58,27.99,8.99,7.965,2.4739,0.1035,,5.899,8.2,25.78,0.1123,2.1006,1.101,0.9995,2.6515,0.2569,423.3,1.2177,2.634,0.0394,35.884,0.00017029,3070.0
63866.0,3216.73,592.8,137.77,1.0003,0.5151,0.14342,0.4571,2.41e-05,35.28,0.11901,6.587,14.074,465.1,6.865,0.7043,7.689,83.51,7.35e-06,,13.427,27.59,9.11,7.885,2.4748,0.1032,,5.918,8.151,25.84,0.112,2.0995,1.0578,0.9992,2.7703,0.2566,401.3,1.1921,2.495,0.03949,36.087,0.00016985,2842.0
60672.0,3014.05,578.4,126.77,1.0009,0.5006,0.13339,0.4412,2.239e-05,32.71,0.11956,6.425,13.129,434.1,6.194,0.6673,7.039,79.49,6.67e-06,,12.878,25.43,8.7,7.339,2.1598,0.0938,,5.626,8.443,23.75,0.1077,1.9242,1.0226,0.9986,2.5033,0.2361,388.6,1.1438,2.537,0.03607,30.195,0.00015634,2665.0
58364.97,2972.46,561.8,134.64,1.0014,0.5175,0.13021,0.4501,2.266e-05,33.33,0.12045,6.899,13.347,424.8,6.14,0.6919,7.047,80.17,6.98e-06,,13.178,25.55,8.94,7.663,2.1417,0.0996,,5.717,8.745,23.67,0.1111,2.0267,1.0296,0.9987,2.612,0.243,380.9,1.1474,2.797,0.03522,28.659,0.00015878,2725.0
59060.61,2986.19,560.5,137.58,1.0,0.518,0.13189,0.4578,2.279e-05,33.58,0.12226,7.273,13.59,429.0,6.087,0.7205,7.107,80.02,7.54e-06,,13.51,25.66,8.85,7.823,2.0844,0.1004,,5.928,8.647,23.43,0.1103,2.2112,1.0286,0.9993,2.7321,0.2506,404.3,1.1212,2.873,0.0351,34.431,0.00016391,2765.0
62882.01,3102.61,587.0,143.69,0.9997,0.5317,0.14604,0.4673,2.444e-05,35.54,0.1227,7.245,14.093,452.6,6.874,0.7322,7.585,81.85,8.08e-06,,13.607,26.89,9.07,8.241,2.3749,0.1112,,6.047,8.765,24.97,0.1118,2.2501,1.065,0.9997,3.1092,0.275,425.6,1.1119,2.858,0.03722,34.568,0.00017505,2957.0
63892.04,3117.23,585.7,146.05,0.9998,0.5302,0.16012,0.4633,2.505e-05,37.36,0.12226,7.122,14.316,462.8,6.864,0.7293,7.531,81.66,8.67e-06,,13.164,26.95,9.12,8.958,2.3559,0.109,,6.057,8.693,24.65,0.1109,2.2283,1.0615,0.9996,3.3924,0.2753,446.6,1.091,2.88,0.03714,35.845,0.00019229,2869.0
64012.0,3136.41,592.0,145.73,0.9998,0.5296,0.16098,0.458,2.471e-05,37.35,0.12107,7.302,14.371,469.0,7.49,0.7336,7.587,81.32,8.53e-06,,12.987,27.67,9.24,9.869,2.3015,0.1104,,6.153,9.335,24.23,0.1109,2.241,1.0706,0.9998,3.2202,0.294,455.4,1.0954,2.901,0.03733,40.569,0.00018781,2910.0
63165.19,3062.6,588.2,152.82,0.9999,0.5402,0.15648,0.4541,2.388e-05,37.11,0.11864,7.121,14.484,473.1,7.311,0.7099,7.474,80.79,8.35e-06,,12.804,26.98,9.0,9.947,2.2003,0.1138,,6.027,9.209,25.58,0.1097,2.1648,1.0603,0.9998,3.3618,0.2817,441.8,1.0932,2.768,0.03593,39.781,0.00017936,2781.0
62312.08,3005.69,576.5,148.03,0.9999,0.5245,0.14999,0.4414,2.298e-05,35.31,0.12051,6.993,13.997,470.9,7.118,0.6929,7.396,80.84,7.89e-06,,12.388,27.07,8.77,10.289,2.1407,0.1078,,5.772,8.94,24.72,0.1081,2.1608,1.0255,1.0,2.9994,0.28,419.1,1.0797,2.666,0.03551,37.781,0.00017135,2801.0
61193.03,2974.21,588.6,142.18,1.0004,0.5171,0.14324,0.4518,2.254e-05,34.02,0.12293,6.983,13.9,448.2,6.809,0.681,7.329,81.7,7.96e-06,,12.024,27.18,8.59,9.893,2.0578,0.106,,5.704,9.086,23.29,0.1073,2.0413,1.0282,1.0002,2.7772,0.2627,391.8,1.0105,2.58,0.03509,37.347,0.00017023,2698.0
63074.01,3036.23,596.8,152.57,1.0002,0.5209,0.1522,0.4635,2.348e-05,35.07,0.1262,7.05,14.237,454.8,7.479,0.6944,7.501,83.08,8.53e-06,,12.169,27.66,8.81,10.837,2.0994,0.1107,,5.92,9.123,23.99,0.1085,2.159,1.0411,1.0004,3.1228,0.2931,393.0,1.0262,2.653,0.03565,41.207,0.00017933,2749.0
60799.99,2909.99,585.6,146.01,1.0002,0.5022,0.14389,0.4479,2.242e-05,33.71,0.12741,6.746,13.564,426.6,7.253,0.6721,7.107,80.22,8.41e-06,,11.858,26.38,8.46,10.95,2.0058,0.1057,,5.622,8.641,24.83,0.1062,2.1648,0.9952,1.0002,2.976,0.2919,376.5,1.0076,2.519,0.03463,41.543,0.00016857,2673.0
60825.99,2912.45,592.2,145.42,1.0003,0.5059,0.14306,0.439,2.251e-05,33.49,0.12638,6.659,13.306,429.5,7.021,0.6758,7.036,81.39,8.52e-06,,11.875,26.47,8.39,10.959,1.9781,0.1068,,5.608,8.503,23.71,0.1059,2.2793,1.0005,1.0003,3.0078,0.285,374.7,0.9944,2.535,0.0344,39.888,0.00016964,2700.0
61483.99,2929.29,594.8,143.43,1.0005,0.4993,0.14123,0.4377,2.231e-05,33.14,0.12738,6.617,13.559,433.0,6.887,0.6707,7.064,81.41,8.76e-06,,11.721,26.69,8.35,10.821,1.9874,0.1087,,5.605,8.476,23.5,0.1048,2.1834,0.9972,1.0006,2.972,0.2785,362.9,1.0037,2.523,0.03434,41.908,0.00016935,2692.0
62940.08,2950.99,591.7,147.54,1.0001,0.5053,0.14864,0.4368,2.336e-05,32.46,0.12561,6.669,13.393,437.5,7.292,0.6634,7.003,80.62,9.92e-06,,11.789,26.3,8.18,11.255,2.0182,0.1076,,5.604,8.4,22.63,0.1039,2.2271,0.9818,1.0002,3.0093,0.2793,357.3,0.9696,2.495,0.03368,39.321,0.00018342,2682.0
61577.49,2881.93,567.1,142.03,1.0004,0.5002,0.14552,0.4285,2.298e-05,31.58,0.12546,6.485,12.98,429.1,7.022,0.6497,6.787,78.79,1.057e-05,,11.832,25.36,7.8,10.036,1.896,0.1054,,5.351,8.134,21.36,0.1018,2.0131,0.9352,1.0005,2.7849,0.2649,343.9,0.8964,2.395,0.03335,39.155,0.00018903,2680.0
66206.5,3032.55,581.0,158.52,0.9996,0.5188,0.15534,0.4524,2.525e-05,34.66,0.12633,6.961,13.865,463.7,8.052,0.686,7.364,82.45,1.05e-05,,12.487,27.09,8.49,10.638,2.1817,0.1108,,5.784,8.434,23.61,0.1067,2.3465,0.9936,0.9988,3.0494,0.3029,389.7,0.9921,2.484,0.0354,43.777,0.00021052,2808.0
65235.21,2944.7,569.2,159.37,0.9999,0.5157,0.14972,0.4597,2.457e-05,34.46,0.125,7.025,15.516,444.8,8.021,0.6942,7.293,82.43,1.003e-05,,12.171,27.24,8.37,10.044,1.9799,0.1123,,5.752,8.533,23.44,0.1067,2.3803,0.9715,0.9993,2.8424,0.3034,382.2,1.024,2.368,0.03525,44.322,0.00020593,2693.0
67024.0,3092.01,580.9,169.44,0.9995,0.5234,0.15555,0.4824,2.502e-05,36.43,0.12434,7.199,16.231,466.5,8.037,0.7135,7.491,84.14,1.018e-05,,13.101,28.31,8.57,10.077,2.082,0.1148,,5.884,8.655,24.72,0.1088,2.3932,1.0306,0.9995,2.7937,0.3168,380.7,1.0755,2.568,0.03596,47.585,0.00021027,2785.0
66915.2,3122.94,580.3,172.4,0.9998,0.5213,0.15302,0.482,2.476e-05,37.24,0.12299,7.157,16.329,475.4,7.921,0.7091,7.86,83.84,9.54e-06,,13.245,28.62,8.58,10.331,2.0588,0.1145,,5.85,8.603,24.98,0.1081,2.3624,1.0179,0.9994,2.5561,0.3124,382.4,1.0811,2.548,0.03527,46.914,0.00020366,2823.0
66274.01,3071.19,574.5,169.93,1.0,0.5096,0.14908,0.4672,2.386e-05,35.6,0.12117,6.931,16.56,484.9,7.777,0.683,7.642,82.4,9.16e-06,,12.616,27.58,8.12,10.05,1.9535,0.111,,5.552,8.206,24.15,0.1055,2.2377,0.9716,0.9992,2.5311,0.3001,365.4,1.0269,2.452,0.03427,48.125,0.00019281,2776.0
71446.62,3661.78,599.6,186.7,0.9997,0.5377,0.16573,0.502,2.607e-05,40.13,0.12442,7.575,17.262,517.9,8.291,0.7506,9.328,88.64,1.141e-05,,13.558,32.36,9.11,10.872,2.1395,0.1175,,6.17,8.92,28.24,0.1125,2.5586,1.1269,0.9994,2.8236,0.3385,406.4,1.1467,2.907,0.03684,47.526,0.00021528,3166.0
70148.34,3789.6,618.5,178.15,1.0001,0.537,0.17024,0.4946,2.612e-05,41.2,0.12361,7.61,16.739,515.0,7.819,0.7292,9.659,88.26,1.384e-05,,13.309,31.72,9.32,11.194,2.1705,0.1151,,6.235,8.785,27.64,0.1122,2.4914,1.2034,0.9996,2.7514,0.3395,423.8,1.1406,2.831,0.03653,44.353,0.00022972,3065.0
69166.62,3737.73,614.8,176.95,1.0004,0.5268,0.16628,0.4835,2.533e-05,40.0,0.12007,7.467,16.354,499.0,7.986,0.7232,9.304,85.78,1.338e-05,,12.822,30.38,9.0,10.655,2.0625,0.1133,,6.118,8.561,27.28,0.1107,2.518,1.1413,0.9991,3.0341,0.3475,446.2,1.1051,2.668,0.03587,44.777,0.00022325,2942.0
67969.65,3783.61,599.3,176.16,1.0005,0.5289,0.15973,0.4656,2.461e-05,38.52,0.11532,7.2,16.596,491.2,7.695,0.7438,9.088,85.45,1.494e-05,,12.29,32.42,8.93,10.235,2.005,0.1089,,5.795,8.361,26.13,0.1093,2.4422,1.2031,0.9991,2.9238,0.3287,450.6,1.0764,2.623,0.03513,41.175,0.0002264,2838.0
68549.99,3728.28,600.3,167.7,1.0002,0.536,0.16386,0.4601,2.44e-05,38.01,0.11547,7.244,17.25,494.9,7.909,0.7236,10.213,85.0,1.415e-05,,12.413,31.59,8.96,10.11,1.975,0.1081,,5.82,8.46,25.71,0.1101,2.4622,1.1579,0.9996,2.8685,0.325,436.4,1.0676,2.522,0.03534,40.818,0.00022027,2751.0
69290.57,3749.26,602.4,168.35,1.0001,0.5416,0.17402,0.4623,2.508e-05,38.28,0.11378,7.425,17.443,493.6,8.23,0.7293,11.329,84.98,1.497e-05,,12.327,31.67,9.09,10.077,1.994,0.1085,,6.006,8.491,25.34,0.1109,2.4635,1.1914,0.9996,3.0923,0.3273,424.5,1.0629,2.551,0.03558,40.273,0.00022563,2797.0
68507.67,3826.47,600.2,163.41,1.0005,0.5283,0.16621,0.4581,2.433e-05,36.76,0.11311,7.557,17.042,484.0,7.814,0.716,11.167,83.9,1.603e-05,,12.051,31.71,9.04,9.988,1.973,0.1067,,5.855,8.404,24.83,0.1086,2.3524,1.1935,0.9995,2.9512,0.3171,435.9,1.0419,2.53,0.0356,38.434,0.0002257,2832.0
69436.43,3894.22,603.9,170.15,1.0007,0.534,0.16908,0.4683,2.552e-05,38.26,0.1125,7.64,18.786,489.6,7.827,0.7444,11.056,85.24,1.671e-05,,12.388,31.91,9.66,10.163,2.077,0.1068,,6.116,8.695,25.75,0.1105,2.385,1.2301,0.9997,3.4008,0.3255,438.0,1.0743,2.587,0.03661,40.324,0.00027782,2766.0
68398.39,3844.69,601.7,168.68,1.0011,0.5287,0.16497,0.4576,2.674e-05,37.02,0.11118,7.37,18.528,470.4,7.707,0.7322,11.107,83.44,1.6e-05,,12.105,31.42,9.36,10.22,1.983,0.1044,,5.94,8.722,26.24,0.1079,2.296,1.2002,1.0002,3.775,0.3141,418.8,1.0303,2.548,0.0358,38.091,0.00029466,2718.0
67652.42,3767.43,595.7,168.32,1.0013,0.5238,0.16386,0.4512,2.755e-05,36.2,0.1121,7.178,18.453,465.8,7.586,0.715,10.443,83.59,1.476e-05,,12.073,30.43,9.09,10.29,1.936,0.1033,,5.787,8.637,26.42,0.1067,2.2125,1.1408,0.9996,3.6785,0.3098,395.3,1.0165,2.494,0.03516,39.067,0.00026794,2688.0
68352.17,3747.91,595.1,166.88,1.0003,0.5186,0.15946,0.4465,2.588e-05,35.98,0.11198,6.998,17.944,465.1,7.285,0.6965,10.758,84.42,1.442e-05,,11.962,29.8,9.19,10.028,1.914,0.1006,,5.808,8.54,24.91,0.1067,2.1679,1.128,0.9998,3.3668,0.3035,390.3,1.013,2.476,0.03432,44.051,0.00024817,2703.0
67540.01,3762.29,593.7,165.65,1.001,0.5176,0.15898,0.447,2.543e-05,36.02,0.11213,6.984,18.414,454.8,7.246,0.6943,9.957,83.21,1.542e-05,,11.853,29.59,9.15,10.125,1.831,0.1001,,5.734,8.3,24.42,0.1063,2.1712,1.1192,0.9995,3.3051,0.2982,389.1,1.0234,2.455,0.03394,45.296,0.00025486,2706.0
67766.85,3815.82,601.9,166.14,1.0007,0.5187,0.16031,0.4499,2.526e-05,35.76,0.11262,7.062,18.443,463.5,7.375,0.699,9.886,83.48,1.486e-05,,12.083,29.56,9.07,10.049,1.837,0.1,,5.795,8.326,24.51,0.1064,2.218,1.1337,0.9995,3.2765,0.2994,386.7,1.024,2.475,0.0337,43.131,0.0002525,2680.0
67765.63,3780.91,602.9,163.15,1.0006,0.5135,0.1571,0.4465,2.462e-05,34.91,0.11477,6.988,18.143,458.3,7.192,0.6896,9.422,83.11,1.463e-05,,11.86,28.93,8.92,9.933,1.824,0.0992,,5.807,8.292,24.23,0.1051,2.1678,1.1124,0.9995,3.1999,0.2933,381.1,1.0164,2.379,0.03331,43.425,0.00024382,2641.0
68809.9,3767.06,626.4,164.89,1.0001,0.5199,0.15835,0.4573,2.443e-05,35.03,0.11338,7.009,17.629,464.9,7.121,0.7046,9.493,82.82,1.444e-05,,11.983,28.63,8.92,10.004,1.891,0.1013,,5.786,8.339,24.97,0.1054,2.2318,1.1053,0.9996,3.2657,0.2937,378.7,1.04,2.402,0.03369,42.991,0.00026809,2576.0
70537.84,3810.23,685.7,171.78,0.9999,0.5257,0.16136,0.4615,2.461e-05,36.06,0.11446,7.177,17.716,477.0,7.42,0.715,11.466,83.65,1.436e-05,,12.298,29.73,9.15,10.333,2.153,0.1024,,5.959,8.538,25.26,0.1064,2.3083,1.1076,1.0002,3.4103,0.2997,397.6,1.054,2.478,0.03428,46.283,0.00029569,2634.0
71108.0,3865.99,698.8,173.54,0.9998,0.5258,0.16326,0.4613,2.594e-05,36.57,0.11459,7.251,17.741,495.2,7.658,0.7249,11.162,85.44,1.458e-05,,12.33,29.8,9.31,10.701,2.41,0.1045,,6.075,8.692,26.79,0.1069,2.2902,1.1238,0.9998,3.3925,0.3044,418.4,1.1041,2.524,0.03555,44.215,0.00030944,2681.0
70799.06,3813.46,711.2,170.15,1.0004,0.5215,0.16016,0.4582,2.524e-05,35.89,0.11479,7.144,17.248,496.1,7.33,0.7257,10.619,84.19,1.434e-05,,12.087,29.05,9.09,10.378,2.303,0.1014,,5.957,8.617,28.06,0.1053,2.2403,1.0883,1.0016,3.233,0.2938,423.9,1.1132,2.484,0.03578,41.846,0.00032051,2619.0
69355.6,3678.32,684.0,162.5,1.0003,0.4991,0.1482,0.4492,2.369e-05,33.51,0.11268,6.659,16.318,477.6,6.875,0.667,9.818,80.13,1.278e-05,,11.525,27.05,8.59,9.577,2.161,0.094,,6.116,8.102,27.9,0.1002,2.1086,0.999,1.0006,2.8594,0.2724,392.4,1.081,2.262,0.03285,38.957,0.00028253,2502.0
69310.46,3681.57,682.7,157.83,1.0002,0.4926,0.14588,0.4368,2.321e-05,32.27,0.11479,6.384,15.928,469.5,6.569,0.6497,10.052,79.97,1.211e-05,,10.881,26.84,8.13,9.128,2.245,0.0902,,6.055,7.757,26.79,0.0983,1.9845,0.9678,1.0005,2.7074,0.2665,361.6,1.1041,2.168,0.03161,36.795,0.00027953,2424.0
69648.14,3706.4,673.0,162.12,1.0001,0.4986,0.14679,0.4442,2.349e-05,32.98,0.11688,6.527,16.372,474.6,6.588,0.6552,9.823,80.49,1.276e-05,,11.029,26.97,8.59,9.213,2.268,0.0915,,6.128,7.88,27.81,0.0999,2.0149,0.9793,1.0,2.7756,0.2685,362.0,1.094,2.231,0.03191,37.682,0.00027956,2489.0
69540.0,3667.85,625.1,159.05,1.0004,0.4969,0.14478,0.4406,2.291e-05,32.28,0.11763,6.506,15.905,469.1,6.397,0.6498,10.351,79.66,1.208e-05,,11.095,26.62,8.27,8.639,2.224,0.0892,,5.793,7.855,29.33,0.1,1.9585,0.9599,0.9991,2.6937,0.2595,342.9,1.0338,2.187,0.03108,36.578,0.00026478,2401.0
67314.24,3497.33,602.5,149.31,1.0001,0.4802,0.13806,0.422,2.163e-05,31.55,0.11658,6.378,14.988,446.2,6.064,0.6176,8.978,77.32,1.274e-05,,10.08,25.67,7.96,8.197,2.187,0.0873,,5.384,7.517,27.19,0.0968,1.8285,0.9378,0.9992,2.5458,0.2438,325.5,0.9921,2.057,0.02983,33.182,0.00023648,2261.0
69649.99,3617.85,630.4,158.86,1.0001,0.4948,0.1495,0.4423,2.279e-05,33.72,0.11767,6.754,16.219,463.2,6.576,0.6463,10.286,79.02,1.351e-05,,10.762,26.59,8.52,9.325,2.41,0.0929,,5.69,7.837,32.13,0.1006,1.9543,0.9891,0.9993,2.7536,0.2686,366.5,1.0352,2.185,0.03172,34.994,0.0002361,2338.0
